"id","about"
"1150690","Explore a strange world full of colorful friends and foes. Navigate through the vibrant and the mundane in order to uncover a forgotten past. When the time comes, the path you‚Äôve chosen will determine your fate... and perhaps the fate of others as well.
"
"356190","Go behind enemy lines to forge your army, conquer Fortresses and dominate Mordor from within. Experience how the award winning Nemesis System creates unique personal stories with every enemy and follower, and confront the full power of the Dark Lord Sauron and his Ringwraiths in this epic new story of Middle-earth. 
In Middle-earth‚Ñ¢: Shadow of War‚Ñ¢, nothing will be forgotten.
"
"633230","The Naruto franchise is back with a brand new experience in NARUTO TO BORUTO: SHINOBI STRIKER! This new game lets gamers battle as a team of 4 to compete against other teams online! Graphically, SHINOBI STRIKER is also built from the ground up in a completely new graphic style. Lead your team and fight online to see who the best ninjas are!
"
"1048370","Idle Skilling is the idle game with ALL the skills! Keep leveling up even while you're offline!
There are 21 different skills to level up, each one interacting with several others! You only start with access to 3 skills, but slowly unlock the rest as you progress in the fighting zones!
 
"
"449800","An international hit anime ""Attack on Titan"" has come to Steam¬Æ!
Battle is joined between the man-eating Titans and Eren and his companions. Experience the illusion of being in the anime, and controlling the flow of the story.
The story from the anime, with a few original twists, is yours to experience!
* The images are from an in-development build and may differ from the final version.
"
"3920","Sail the Caribbean, marauding all on the high seas or ally your ship and crew as a privateer in search of riches - the life you choose is up to you. Face dogged enemies, raid unsuspecting villages, woo fair maidens, avoid capture or dig for buried treasure. Discover what it takes to become one of the most famous pirates in history!
"
"2411910","""miniBONG"" is a lightweight rogue-like game that focuses on dress-up DIY and idle gameplay, while incorporating elements of combat, character development, and strategy.. You can feel the charm of dressing up and fighting at the same time.
Features:
¬∑ Street sense trendy dressing style
¬∑ Automated lazy play
¬∑ Role development
¬∑ Multiple levels of difficulty, multiple dress-ups
"
"397740","Hylics is a recreational program with light JRPG elements.
Features:
-Advanced graphics.
-RPG battles.
-Overuse of random text generation.
- ~2+ hours of content.
"
"322630","Mind Zero is an action-packed dungeon-crawler RPG. Play as Kei, a high school student whose life turns upside down when he forms a contract with a ‚ÄúMIND,‚Äù a weapon/being with deadly powers. With the government and other forces trailing him and his friends, Kei will need to discover the secret behind ‚ÄúMIND.‚Äù Will these newfound powers help him or ultimately be his doom?
"
"1812410","Tiber Septim has swept through Tamriel, uniting its squabbling lands by force. Even the mighty Redguards of Hammerfell have come under Imperial control. Cyrus, the legendary Redguard mercenary, leads a rebellion against the Empire. Along with a faction known as the Restless League, Cyrus defeats the occupying forces at Stros M‚Äôkai and forces Tiber Septim to make peace with the Redguards.
"
"1837510","KAWAII SLIME ARENA is an action first person shooter with RPG elements and lots of upgrades. 
Help Yui defeat the slimes with powerful weapons! 
Choose between lots of upgrades to make her stronger and beat the arenas to unlock all weapons!
"
"2414810","Decide whether to give VT a happy or tragic ending. His destiny is in your hands.
Play as VT, a lonely TV-boy who seeks solitude until the sudden message from a strange bunny named IV. Discover the different endings of this cozy visual novel.
[Includes Premium Version]
Join to the YunSeven Games community
https://discord.com/invite/kTK2FyNgP6
 
"
"1192610","ANIME REDEMPTION
 is an adventurous shooting game in the Wild West theme. You are playing for Wild West Girl: brave lonely H.E.N.T.A.I. fighter who is ready to take on all of the bad dudes out there. Your target is to kill as many enemies as you have the balls to..
Features:
 authentic Wild West atmosphere
 variety of weapons to choose from
 realistic Wild West fighting mechanics
 
"
"1504020","You had a long day, you deserve to relax.
Meet the girls once more! Engage in exciting scenarios.
and promise not to tell anyone
Click, relax, level up, collect items.
All the fun stuff you already know and love
‚Ä¢ 5 Girls to flirt with
‚Ä¢ 22 Puzzles
‚Ä¢ Strategize with ability builds
‚Ä¢ Collect different items for each dialogue selection
‚Ä¢ Enjoy the in-game gallery
‚Ä¢ 101 Achievements
"
"1812420","The Imperial Battle College has lost contact with the Battlespire, an elite training center hidden in a pocket realm of Oblivion. An agent sent to investigate discovers the Battlespire‚Äôs staff dead and the gate back to Tamriel blocked. With the facility under siege by vile daedra, the only way out is to go deep into darkness and into the Daedric Realms.
"
"609490","Minit is a peculiar little adventure played sixty seconds at a time. Journey outside the comfort of your home to help unusual folk, uncover countless secrets, and overcome dangerous foes, all in hopes of lifting a rather unfortunate curse that ends each day after just one minute. Minit is a collaboration between Kitty Calis, Jan Willem Nijman, Jukio Kallio & Dominik Johann.
 
"
"695630","*** This game is only available in Chinese language ***
"
"1212620","https://store.steampowered.com/app/1996210
 Introduction 
In the game, your goal is to  swap the bricks to restore the pictures.
 Features 
 
 Complete levels quickly 
 
 Browse the gallery with one hand 
 
 100 achievements 
 Trading Cards 
 
"
"1148510","https://store.steampowered.com/app/1996210
 Introduction 
In the game, your goal is to  swap the bricks to restore the pictures.
 Features 
 
 Complete levels quickly 
 
 Browse the gallery with one hand 
 
 100 achievements 
 Trading Cards 
 
"
"1096010","Hentai Sudoku is a sudoku game.
Gameplay Guide
Victory Condition: You need to finish the sudoku.
How to Play: Left click on left-menu to pick the number, and left click finish main panel.
Function Keys
Keyboard P: One key finish
Keyboard S: Emergency avoidance (the background image turns white and you can continue to play)
Keyboard N: Next level
Game Features
Pleasing Pictures
Soothing Music
"
"2325640","Sexy Nurse Puzzle is a short puzzle game with a beautiful and hot nurse. High-quality art, relaxing music and spicy atmosphere. Awesome for relax after a day at work.
Features:
‚Ä¢ Simple and additive Gameplay
‚Ä¢ Original HD Artworks
‚Ä¢ Relaxing music
‚Ä¢ The best way to spend your night alone!
"
"970940","From your village, the Dream World is just a step away!
Befriend Unica the unicorn while exploring the real world and the world of dreams. 
You're the only one who can help Unica save her world!
15 different missions between two worlds
Many options to customise your character and horse
An open world to explore on the back of one of six horses available
 
"
"1659800","This is a relaxing and casual little game. You need to help the beautiful girls to find their lost things.
Feature:
-9 levels
-3 characters
-Each character has its own voiceover
-Each character has its own animation
"
"1990260","„ÄäPhantom Tentacle„Äãis a story decryption game!
The sealed ghost tentacles descended on the town again.
Players will play ghost tentacles, attacking lone villagers, capturing nuns, and sneaking to escape from the hunters of knights. Finally rule the whole town!
Early Access:
Two can be used for hunting objects
4 unique levels
Sneak gameplay
Tailing play
¬∑„ÄêThe nun„ÄëMaria
¬∑„ÄêThe VillagersA„ÄëLina
 
"
"1205260","Defeated Girl is a jigsaw puzzle.
Complete the puzzle directly according to ""F"".
""Defeated Girl"" Features:
 Various beautiful girls
 12 beautiful girl CG
 12 levels.
 
"
"1189050","This is a casual guessing game. In the process of the game, you need to do guessing with many girls to win and conquer the beautiful girls.
It's an interesting way of guessing boxing. Winning or losing is only one thought
"
"4870","Cossacks: The Art of War
 ‚Äì continues the history of the great battles of XVII‚ÄìXVIII centuries, and introduces five new campaigns, two nations, some new units and much more.
"
"1455220","Play as a man captured by demons and forced to do manual labor. After some time, you can take no more and try to escape.
But that's easier said than done!
Avoid roaming patrols, hidden traps, and devious illusions in a mad dash for freedom!
Features:
A Dungeon Escape Action Game
Sneak Past Patrolling Demons
Avoid A Variety of Traps
Multiple Environments
Navigate the Labyrinth and Escape!
 
"
"1553910","Spend time at the computer not alone, but together with Stalin. Scroll through the feed of social networks, look for videos on YouTube, watch anime. Whatever you do, Joseph will always be with you.
Features List
 A large selection of different dances
 Flexible customization of your Stalin (change the size, color of clothing, etc.)
 Stalin on top of all your windows
 Relaxing soundtrack
 
"
"844940","In ""Have a N.I.C.E. day"" you drive on racing tracks that are so narrow that there is not even room for the shade of your car anymore. 
The tracks have been provided with jumps, loops etc. Fight against opponents who know no mercy. They will do everything they can to prevent you from winning the race. No matter what it takes.
Now prepare for battle!
"
"1186400","*If you think the game too difficult, try pressing the F key while playing.
West Sweety
 is a casual game with a relaxed atmosphere and challenge. 
In the bar of west you gonna play a card & dice game
Five major features of the game:
1. 7 girls waitingfor you to challenge ! ! 
2. Fantastic 2.5D scene with space dynamic rendering technology! !
3. 4K HD CG! !
4. Fun gameplay !
 
"
"2350380","The gamer girls have picked up some goodies, made themselves comfortable and are ready for a good game!
Easy win:
Keyboard –°trl+D - Complete Level
FEATURES
üéÆ   Beautiful artwork
üëæ   Animation scenes
üß©   Relaxing music
üïπÔ∏è   CG Gallery Mode
üß∏   Puzzle game
In the game, your goal is to cut the items to win the level in order to restore the pictures.
 
"
"1181130","This game consists of 3 mini games, to completely undress the girls you need only one hand, with cute NEKO girls you can play the game for memory, puzzles, and hands game. 10 hot NEKO girls are waiting for you.
Play in:
 MEMORY GAME;
 PUZZLE GAME;
 HANDS GAME;
Enjoy the sweet anime songs, the sweet lips of the girls, stay alone with your 2d waifu.
 
"
"1396380","36 achievements!
The player can choose from 2 characters - a swordwoman and an archer.
Several locations and bosses are available.
Skill tree - level up and become the strongest.
Quests - complete tasks and level up.
Nice ability animations.
 
"
"1506820","""Kiki & Ana - The Child"" is a cute story experience.
Focused on story, art, and music.
Must avoid hazards which some people find difficult.
Takes about an hour to complete.
WARNING: flashing lights, light gore.
"
"712010","In the land of Zyorzia monsters roam out from all corners of the world.  Our hero needs to vanquish these enemies the best way he can.  Gaining fortune and fame and using said fortune to continue on the struggle.  To restore light to the world once again!
 Level Up~
 Traditional RPG Battle Engine~
 Venture in the land of Zyorzia~
 Inventory & Skill System~
 5000 Achievements~
 
"
"1471530","Art by Drop_Dead_Fred
Important information
Press ""N"" for night mode.
Press ""Del"" then ""Esc"" to reset all achievements.
Hidden object game in a fairytale style.
This is a kind game for kids.
Can you find 100 gnomes? 
It will be a small but sweet adventure!
"
"1851640","If you like the adventures and cars then 
Police Hot Pursuit
 is for you! Take a car or even a bike and let the adventure begins! 
Escape the cops and avoid obstacles as long as possible. 
Game Features: 
- 5 cars, 1 bike & 1 motorcycle available to use 
- Weather changes like dense fog
- Collectable items which will help you to escape the cops
"
"2020770","Play as a Knight basaed in a mid-evil setting, fight and kill monsters, boss's, gain loot such as food, weapons, Armor, upgrade items. Upgrade your gear to be able to take on the enemys in the next area, find books that tell a story and will take you on an adventure across the land, find chest's, friendly NPC's, and so much more.
"
"960360","Yuzi Lims: Hentai - is a game in which you need to identify 10 differences between two pictures and click on the difference.
Features:
3 music playlists: relax, rock and electronic
20 levels with limited time
Beautiful arts
Steam Achievements
Coming soon:
 Trading Cards
Credits:
 This game was created using Clickteam Fusion 2.5! Music by Erwarda Savitnaag.
"
"1064730","Fantasy Girl is a jigsaw puzzle. There are many different roles. Mother Cat, Black Wing Angel, Royal Sister, Silly Lori.
Complete the puzzle directly according to ""F"".
""Fantasy Girl"" features:
 All kinds of beautiful girls
 12 Beautiful Girls CG
 5 with LIVE 2D
 12 checkpoints
 
"
"2113150","Hentai is not just 2D girls, this is a whole art. And in this art units understand. The game ""Pussy 6"" is a hentai puzzle in which you need to move the elements vertically or horizontally to get the finished image. The game has hot levels, as well as a gallery, after completing a level, you can review your victories here. Hentai girls, this is a whole era of art.
"
"1422610","This is a light puzzle game of pretty girls, so help the girls solve their problems! Then you can interact with the pretty girls.
-How to play the game
Please click where you just feel suspect.
Features:
-All characters are animated
-Beautiful scenes
-8 stages
-8 characters
-Every girl has her own voice
-beautiful graphic
"
"2009920","Hentai is not just 2D girls, this is a whole art. And in this art units understand. The game ""Pussy 5"" is a hentai puzzle in which you need to move the elements vertically or horizontally to get the finished image. The game has hot levels, as well as a gallery, after completing a level, you can review your victories here. Hentai girls, this is a whole era of art.
"
"1045010","Hardcore rouge-like game about journey from faraway place to Moscow. Use your garden tools to clean your path from mutants.
 - 3 playable characters
 - 100+ items
 - 82 Russian real cities
 - TV propaganda
 - 3 seasons. Summer, Winter, Off-Season
 - Deadly bosses
 - Become liberal or communist
 - Wooden toilet
 
"
"1470280","The Last of Anime is a cool open-world shooter. Your task is to clean up the destroyed city. A pistol, submachine gun and sniper rifle will help you defeat your enemies. Explore the area, fight with opponents and enjoy the beautiful scenery.
Features
 Beautiful character
 Three types of weapons
 Two types of dangerous enemies
 Dynamic gameplay
 Post-apocalyptic world
 
"
"386110","‚òÖ Turn based battle system 
‚òÖ Unique menu system 
‚òÖ Branching story 
‚òÖ Pixel graphics 
‚òÖ Over 40 items 
‚òÖ Great leveling system
"
"1785370","Slime Escape
 is an intense game: MrSlime needs to escape the mystery dungeon as soon as possible! 
Help him flee the dungeon by completing all 30 levels.
Key Features
Really Tough Challenges - 30 unique, handcrafted levels!
Tight and Juicy - Controls are fine tuned so that it's fun and satisfying to move around!
Steam Achivements
 
"
"338840"," What kind of game is Hollow's Land? 
Hollow's Land is relaxing game where you kill skeletons of fire who are trying to put out your fire.
The whole atmosphere is above the northern lights and around the fire.
 Gameplay 
 
Take a snowball and hit the heart of the skeleton
 Features 
 Cozy atmosphere
 Pleasant music
 Northern Lights
 
"
"2382260","Puzzle GO! is a casual jigsaw puzzle game. Players use the mouse to adjust the position of the tiles to restore the picture. As a player, this game provides multiple exquisite CGs as levels. At the same time, the game has carefully prepared a rich achievement system for players.
"
"2409490","short game time, no story„ÄÅno dialogue.
The core of the game is battle-oriented,
The ultimate goal of the game is to kill the biggest monster.
"
"2174370","Slugmania is a cute, fast-paced, creature-collection roguelike deckbuilder in which you gather and train a team of diverse slugs. Deckbuilding skills and a bit of luck are necessary to beat each encounter and ultimately, to save the world from impending doom.
 
"
"2406950","SurvivalEXtreme combines two unique game modes: Multiplayer and SinglePlayer.
Customize your character and playstyle as you build a reputation, and unlock upgrades.  Legends are made here. What will yours be?
Survive waves of demons with 3 other players to earn more money and buy parts for your character
"
"2384290","Three Kingdoms theme card game""Eat Wei Shu Wu"" with the classic pixel painting hot attack! Skill attributes compatible grams, hidden strategy scheming, offline hanging fat profits, Zero Krypton micro-liver easy map! The seat of the Lord is vacant, come to build belong to your palm of the Three Kingdoms!
"
"2309280","Mini Star Cafe is a Simple relaxing game that expands the store by making and selling Coffee & bread.
Features
 Simple making system
 100 Bread Recipes
 100 Coffee Recipes
 Upgrades and floor expansion elements
 Beautiful and intensely colored visuals
 Comfortable and relaxing OST
 10~12 hours of playtime
 
"
"2379700","This is an AVG game with an early Lovecraftian style.
You will play as a thief trapped under the castle, trying to escape through exploration and mystery solving.
Process lasts about 30 minutes and has more than 1 ending.
Independent development.
From scripts to the production of art and music assets all by myself.
Hope to present a deeper story within a shorter process.
"
"2358800","Game Introduction
Love Love Diary"" is a fun and relaxing jigsaw puzzle game, where completing the puzzle challenges of the girls can help you ""get to know"" them better!
 If you find the game too difficult, you can press the ""T"" key to quickly clear the level.
Game Features
-15 lovely girls with different professions
-60+ achievements
-Single-handedly designed and developed.
"
"2164810","This is a survival RPG game
--
You will play our protagonist
Living in a old-growth forest
You will have nothing to rely on, you can only rely on yourself
Not only does it lack basic daily necessities
To face the threat of unknown creatures in the forest alone
What are you going to do to survive?
"
"2359950","Wander, jump, and fly upon the clouds, collects stars to grow your energy, help guffy villagers with their wishes, and finally rerun the abandoned ferris wheel. Life is not of great goals or loud slogans but of negligible yet sparkling wishes.
Press Esc for key operation
"
"2367570","Slime Mutation is a top-down arena shooter, 
your embody a slime who must face waves of creatures and survive.
For that you will find different objects that you can improve.
You will be able tu upgrade the capabilite of your slime in a shop with the money acquired in your game
Slime Mutation is a little rogue-like survivor indie game and develop by one person.
"
"1259220","Torches of Fate, a love letter to old school 16 bit RPGs.  Made with the RPG Maker MV engine embark on an epic journey throughout the land of Alga to find the source of the monster outbreak plaguing the land.  It will be up to you to lead our cast of characters on their journey to save and explore Alga!
"
"2316330","This Prologue is a free version of the
 turn-based combat game with rogue-like and deck-building elements
 Shogun Showdown.
PROLOGUE FEATURES
Play The Wanderer: a lone warrior haunted by her past who travels the land seeking redemption through battle
3 combat locations: The Bamboo Grove, The Waterfall Caves and The Port City.
14 attack tiles
8 quests and 2 challenges
10+ skills
 
"
"1509140","Crosswalks in a visual novel with multiple viewpoint. By switching perspective among detective, police officer, murder and even the victim, the player will influence the result of event and expose the hidden truth.
"
"2342230","Welcome to the mainland of Zelasda, where you can play the role of a survivor or use various props to evade the pursuit of regulators, crack the cipher machine, and escape from the manor to win!!!
"
"2329490","Enter the supernatural world of the Phantom Hunter - a bullet hell platformer that will put your skills to the test! Dodge deadly attacks, explore hidden treasures, and unlock powerful upgrades as you exterminate ghosts in this 8-bit adventure. Are you ready to become the ultimate ghost hunter?
"
"2207910","Speedrun the trail of coins as you slash enemies, shield enemy fire, and avoid obstacles until you battle the Greedy Slime Monsters in this thrilling turned-based RPG style side scrolling platformer. Use your coins and experience to purchase items to aid you in your fights, as the action gets progressively more difficult.
Wishlist Today!
 
"
"1426340","A minimalistic retro RPG with auto-battle in mind; Battle, Craft, and build the character of your dreams!
CORE FEATURES
Turn-Based Battles with optional auto-battle
Crafting, Item & Resource Management
Min-Max gear with over a dozen stats available
Procedurally generated areas and dungeons
 
"
"2254350","Retro Short Game is a simple, 2D, multiplayer roguelike with content for both new and experienced players to enjoy: featuring three distinct weapons to learn and master, a variety of upgrades for the player to mix and match, and enemies with a myriad of attack patterns. This game offers substantial replayability to anyone looking for a fun, fast, singleplayer or multiplayer experience.
"
"1947490","Enter Death's Dungeon and defeat his four elemental golems that power his spread of death over the world. Play as four different classes with unique play styles, weapons and abilities.  Play in three different modes, Story, Rogue and Wave modes.
"
"2339160","This is an auto-scroller game where you control a heart to move up or down to avoid incoming obstacles while maintaining your HP. Other than obstacles, there will be damage zone in red and heal zone in green which decreases and increases the heart's HP. Make sure to manage your HP well to get the high score!
"
"2335920","Can you conquer the world of Bullet Hell? Explore 120 levels to discover new equipment, weapons, races, and classes. Choose from a combination of equipment, weapons, races and classes to arm yourself against the horde of over 900 combinations of minions and bosses.
"
"2000110","Glory of War is a nostalgic strategic turn-based RPG that combines the SLG mechanics. No download needed. In this fantasy world, you will take a dangerous journey to recover your memory and protect the world. Collect powerful weapons, equipment and treasures from the demons to prepare for the last battle between light and darkness. Learn more in Glory of War!
"
"1688600","You incarnate as a powerful knight of the Emperial Kingdom to bring justice and honor through your adventure in the world. Fast Paced Action Combat and Open World Adventure. 
No more Classes, Switch between Melee,Magic and Archery with scroll up/down.
"
"2309870","rpg maker game, 50 animations, 42 photos.Table pushing, hide-and-seek, qte, and many other mini games.
The people who like big tits game will definitely love this game.
It's Hurakan's first game.
Enjoy the game by moving around the dungeon and back to normal life.
Since it took a 3 years, the drawing have a many changes
WARNING
The trail version starts at the middle of the game.
"
"2306080","Kingdom of EXPLORERS
 is an adventure RPG game for up to 2 players. Each player needs to explore, collect, manage shared resources to unlock new terrains, upgrade weapons to defeat the enemies, Bosses and save the Dwarves Hidden Island!
In the Dwarves Hidden Kingdom you need to:
 
"
"2315700","Gore Storm is an action roguelite horde survival game with twin stick shooter gameplay.  Fight off hordes of enemies, upgrade your weapons, soldiers, turrets, and base, survive as long as you can.
Features
7 guns
2 Mission types (base defense and survival) with 4 stages each
7 enemy types
16 meta upgrades
38+ gameplay upgrades to power up your run with
 
"
"2303560","Best Pearl is a shooter where one of the sea inhabitants repels attacks, protecting the pearl he found. Be careful the steering wheel landing can hurt you. Don't let them get it. They must not reach her. You can handle it.
Features of the game:
- Beautiful Pixel-Art
- Music
- Simple operation
- Complexity
"
"2303570","Crazy Clown - Top Down Shooter, a game in which you need to take your own and destroy all your abusers. You have not only a machine gun in your arsenal. Use all the variety of weapons and crush your enemies. Take revenge on them, clowns can not only make fun!
Features of the game:
- Hardcore
- Beautiful Pixel-Art
- Variety of levels
- Music
"
"2285410","Through Spring, Autumn, Winter and Summer!
Leta Adventure is a relaxing role-playing game where you must travel a journey in order to deliver a letter. 
In this RPG, you take the role of ""Leta"". To progress your journey, you must fulfill the various tasks given to you and chat with everyone you see!
Featuring many different locations, minigames and characters to meet... your Adventure awaits!
"
"1890170","A collection of 12 mini games I've worked on each month in the past one year. 
The games are rather simple but each entry should provide at least a few minutes of fun.
January
February
March
April
I will be documenting my progress and sharing the blueprints of the games on my youtube channel, showcasing what a beginner can achieve and hopefully it helps more people to create games.
"
"2278390","A sandbox game where you can explore the magical and mystical world of elementals„ÄÇ
‚ëÖ‚öú‚ëÖ
Key features:
‚òÖBeautiful, hand-drawn environments and fairy fantasy world
‚òÖSandbox Play
‚òÖRandomly generated worlds
‚òÖFree Content Updates
‚ëÖ‚öú‚ëÖ
Create&discover Elfen fairy Realms and more: a peaceful and meditative exploration in the endless fantasy world of Ynithia^
"
"2259060","Chaos Knight is a placement strategy game, with an overhead magic world as the background. In the game, you can recruit heroes from different camps to form your own team. You need to reasonably deploy the lineup, let the team play its strongest strength, and lead the team to the final victory!
"
"2276030","Please notice this game doesn't have English version now.
Choose a command and defeat the enemy.
New skills are acquired as the story progresses.
The party consists of 6 people, and each time they act, they are replaced with a member who is on standby.
Make the right choices and reach the ending.
The era humans, dolls, and bioroids jointly create a society.
What happened in this era?
"
"2230560","Zombie Squad, a casual game, combines tower defense and rogue like. The operation of the game is very simple, and the characters can fight automatically, just click to release their skills.
In addition, the game also integrates card drawing and character training, which can be pushed through levels to obtain training resources.
"
"2172150","[redacted]
"
"2277520","You can experience free driving pleasure in this game
4 different vehicles:
Teddy bear car
UFO
Washbowl
Submarine
Drive them around the house freely
Operate at will
Explore the unknown secret
Reduction of childhood fantasy
Here is no struggle or killing
Enjoy a pleasant time quietly
 
"
"2284780","HuaBing is a large multi-person online role-playing game in the Xianxia sandbox. Players can freely build a cave, or create a sect door with other players. Players can freely trade or set up stalls; Players on the PVP map need to fight with other players; Of course, there will also be some random dungeons in the wild. Players can explore and grow with their peers.
QQÔºö843201985
"
"2257030","Immerse yourself in a world of pixel art. Your name is Takaro you and Tanaka live alone in a diverse world of slimes. Your mission is simple to bring home 50 different types of slimes for dinner. Some slimes will try to kill you while others are hidden throughout the world. A top down RPG, treasure hunt, world exploration game A keen eye will be useful to those who play this game.
"
"2103960","Play as Penny, a private investigator, as she takes on her first missing person's case. 
 Rummage through your friend's belongings.
 Break into a house looking for clues. 
 Fast talk your way out of getting arrested.
Type in a command, and your character will do it. Say anything to a character, and they will respond.
Use the hints or translate anything with one click whenever you're tired.
"
"2250250","Unique Builds Every Run
In this rogue-lite arena survival game, select from a variety of upgrades, select different spells to become stronger, and create overpowered builds every run.
4 Elements to choose from
 Fire
 Earth
 Water
 Electricity
Features]
Many spells to choose from
Auto-target weapons by default
Fast runs (under 20 minutes)
Cool and unique upgrades
 
"
"2269350","„ÄêIntroduction„Äë
This is a match-3 + two-dimensional beautiful girl.
„ÄêGame Type„Äë
Indie games, casual games.
How to play:
    Shopping, training.
    Find, challenge.
Core gameplay:
Match 3
„ÄêGame Features„Äë
rich characters
Exquisite two-dimensional beauty girl
Decompression match-3 gameplay
Support English, Japanese, Traditional Chinese, Simplified Chinese
 
"
"2278380","Horror Visual Novel Set in a haunted house, with multiple puzzles, paths, and endings.
And great atmospheric music.
Choices are forgiving and let you go back without replaying big chunks of the game.
reads Like An Interactive Book.
approximately 3 Hours Of Content.
 
"
"2267220","As a horse archer you have to return home from a foreign land and traverse the medieval world of Tamerlane. But this journey is dangerous and you have to be careful.
 Features 
 Story with 45 stages in 3 regions.
 Rogue-Lite mode with short runs.
 Unique Items, attacks, upgrades and abilities.
 Countless enemies and bosses.
 Fast and challenging gameplay.
 
"
"2261280","In 1994, the White Water Police Department database was damaged for unknown reasons, and a recording of a murder was lost, but the White Spring police were able to recover some of it, but you still need to find the recovered tape, listen for the key words and look for the missing tape. Good luck, Detective
"
"1800370","Hentai Room
 is a game in that you can relax. If you want to pass the time, then try the easy mode, but if you are serious you can test yourself in the hard mode or play in Medium. There are 55 arts available for you.
Game Features
55 Arts
55 Achievements for Each Girl
Relaxing music
3 difficulty modes
 
"
"2255050","The Sword That Kills Christmas is a text based, bullet hell choose your own adventure game that takes you on a journey through the North pole, France and Santa Monica. On this journey your choices dictate everything. You might end up poisoning one of Santa's reindeers or trying to find your mom (you're an orphan) or something entirely different. Where will your path lead?
"
"2171610","Mini Star Bakery is a Simple relaxing game that expands the store by making and selling bread.
Features
 Simple Baking System
 100 types of bakeable bread
 Upgrades and floor expansion elements
 Beautiful and intensely colored visuals
 Comfortable and relaxing OST
 
"
"2232660","Call of the Abyss is a rogue-like card game inspired by anime such as Made in Abyss. You have a long way to go, descending into the abyss. Explore the depths of this world, defeat mysterious enemies and find unexplainable things.
Game Features:
A vast abyss
 with an intriguing story;
Unique 
collectible cards 
and their upgrades;
Artifacts, potions, and other things
 to help you in the abyss.
"
"2230250","First person Indie game developed in UE4, help the sorcerer supreme to return to his world going through dungeons full of puzzles and incredible enemies, find keys that will allow you to go to the following dungeons,
* Available in 2 languages English and Spanish.
*Compatible with Xbox controller
* You can configure the graphic quality from the menu for computers that are not so powerful
"
"2197490","This is a Disco Elysium fan game.
In the way of pixel RPG, this museum is built to display the illustrations in White Mourning, the fanart collection.
You can wander around freely as Harry. The game contains some puzzles, and there is no linear task or plot - time is invalid here. Just explore and collect, this museum is all about YOU, Harry.
"
"2226080","In the golden age of peace, the land of Eire has not seen war for many centuries.
But all of that is about to change.
Take control of our hero Robbie as he ventures on a journey to piece together
the shattered history of his people while a dark force is growing stronger.
"
"2206460","""...On the seventh day, God rested, enjoying his creation... On the eighth day, Satan created the furry..."" Furry Killer is an arena shooter where you have to destroy hordes of evil furry creatures. 
Knock coins out of them, buy better and better weapons and become the greatest furry killer. Game Features: endless mode, weapon upgrade, graphics by Vi Neioli.
"
"2206700","King Smash - TopDown is a dynamic game with elements of a slasher.
player destroys his opponents with a hammer, dodges bullets behind blocks, or breaks through blocks and opens up new opportunities for passing the level, thereby building tactics for each specific battle.
Game Features: Level Destructibility, Beautiful Pixel-Art, Lots of Levels, Difficulty.
 
"
"1745820","A new hot jigsaw puzzle game to have some fun! Now with 10 beautiful illustrations, with inspiration from all dungeon games, stories and the hot babes.
When you start the puzzle the babes have clothes and when you finish it they lose their clothes and some unexpected thing can happen!
"
"2193670","Help Dr. Albert to save our planet from this uncontrolled mutation of Cymuts and Mutrobos.
Play with a friend on the same screen in 2 player mode.
- Player 1 is required keyboard and mouse, player 2 is required joystick (Gamepad).
- Player 2 joins as player 1's helper.
"
"2187190","A very simple FPS game. 
Survive under the colored polygons' attack and destroy them.
Grow in battle and acquire new weapons and capabilities.
Flexible use of weapons and capabilities to respond to a wide range of objectives.
Be careful not to be hit.
"
"1504350","Anime Catgirl Runner is a 2D Endless Runner Game, where you take the role of a cute Catgirl! 
Can you beat your own High Score?
Run, Jump and Survive!
Features:
Only need a mouse to play
Simple casual game
Endless gameplay
Original 2D Art
No text to read except for the menu interface
The difficulty raises with your High Score
Achievements
 
"
"1784820","Welcome to Master Of Squad, a new game that mixes the ingredients of a MOBA with unit summoning, get ready for a unique experience!
FEATURES
- PREPARE YOUR STRATEGY: Summon units and lead them into battle. Think strategically, upgrade your units and use their unique abilities to defeat your enemy.
- COMPETE: Engage in intense battles against other players or against the machine itself.
"
"2153000","Your mission is to cross the dungeons of the Infernal Castle with the aim of recovering the 3 sacred gems and defeating the Demon Master and his henchmen. Are you ready?
Key Features:
40 game levels
Time attack levels
Power-ups
Final Bosses
Classic RPG system with level-ups and skills
Great 16-bits music
Co-op mode
Achievements
Online ranking
 
"
"1394030","Make the right choices for discover all the mysteries of a psychedelic world in this minimalist JRPG where actions are done through mini-games!
"
"2145490","Sneaky Rat is a game where the player has to take the rat to the cheese, but it cannot be seen by the cat, so avoid walking in the light.
Manipulate mirrors...
...gates...
...boxes...
...and more mirrors.
 50 hand-crafted levels;
 Original soundtrack, composed especially for you to feel immersed in the game;
 Made for everyone who loves puzzles;
 In each level a new challenge;
 
"
"2100300","In Abstract Grind you have to face multiple waves of bloodthirsty enemies and defeat a boss at the end.
You have only basic attack at first, but as you level up and clear waves you pick various skills and upgrades to aid you in battle.
There are no active skills, all attacks and spells are being auto-casted, you just have to position your character by running and sliding.
"
"2150100","„ÄêVillage Defender„Äëis a simple and easy-to-use city defense survival game. To fight against waves of enemies, we also need our troops to defeat enemies on the battlefield to earn money to enhance our strength. Be a stronger enemy!!!
In addition to personal ability level equipment, the game also combines card elements, which will definitely affect the development of each battle!!!
"
"2110600","Merchant's Rush is a roguelike merchant simulator.
Take the role of a desperate merchant, purchasing and selling goods in an effort to make a profit in a world on the cusp of War.
Figure out your own trade routes and make massive profits, forge uneasy alliances with the factions that control the lands for safe passage and build a competent crew by hiring professionals to assist you in your work!
"
"2113330","Meet Tain, a Nesprit (Fox-Human hybrid) with a knack for exploring.
Explore, fight and engage on a bite-sized adventure to help Tain find his missing friend.
-A Solo adventure with multiple areas to explore!
-A variety of enemies to fight and items to use!
-Several Power Ups and Star Keys to find!
"
"2157490","The Stories of the unknown brave is an action adventure game. Players will gradually understand the rules in the kingdom and the secrets hidden under the kingdom during the adventure.
"
"2122550","An RPG/visual novel engine.
Visualized
 and 
no-code
.
Story Visualized
Combat System
Create character, item, and skill
Copyright
Publish games made with Mushroom Card RPG (together with the engine the game runs in) is FREE and you DON'T need a license from me. However you shouldn't redistribute Mushroom Card RPG along as a engine.
"
"1898430","See yourself stuck in the middle of an ever growing virus epidemic. Find or craft weapons and tools to fight against the living and the dead. Build a safe place to survive in this cruel, apocalyptic world.
"
"1801010","Astrid is a side scroller game with melee combat and magical elements set in the mythical world of Niflheim.
Astrid. The lone survivor of an army of warriors and mercenaries sent North to defeat a powerful sorcerer and rid the world of a plague of monsters. Battle through beautiful realistic landscapes destroying enemies in your wake. Manage your stamina and magic powers along the way.
"
"2097860","A visual novel screen with optimization and interactive functions, full CG drawing and stylized UI design, it increases players' sense of presence in entering the settings, save/load and CG collection system.
Main operation: Mouse (‚ÄªA few levels/interfaces require keyboard buttons.)
"
"2107330","Play as our hero, 
Crisp
, and navigate the puzzles by using the elements of electricity, ice, and fire. Ascend the castle and complete the challenge!
You'll be able to kick back and enjoy the fishing minigame! Who knows what's in those waters! You'll also be able to create your own levels, play your own custom levels, or play levels from other players through the Workshop!
"
"2012000","Beach, sun, sea, nice cat girls!
Only you are missing!
Come, don't be so, they themselves want to get to know you and have a good time sorting out interesting puzzles;)
Have a nice time and relax will help you:
 10 beautiful neko girls on the beach
 lots of interesting levels
 high-quality gallery
 nice music and effects
 90 achievements
 
"
"2112150","Fishing game is an itty bitty game inspired by the fishing minigame in Stardew Valley. Filled with a bunch of goofy writing and a handful of spicy gimmicks. Collect over twenty unique fish and add them to your compendium as you navigate through a world of quirky characters and strange locations!
"
"1934540","Madville+ is a rogue-lite / arena shooter with ridiculous upgrades. It is designed to have short play sessions (30-40 min) and replayability. 
- Lots of guns
- Lots of add-ons for your guns.
- Lots of aliens
- Lots of dice and random effects
- Ridiculous challenges
 
"
"2013270","A role-playing nonlinear game.
1. Tomb robbing: obtain bones.
2. Summon: resurrect bones.
3. Battle: PK between players' skeletons.
4. Market: free trading skeleton.
5. Occupy: occupy the altar of soul power, absorb soul power alone, and upgrade bones.
6. Recovery: sell low bones, get crystal stones, and recover battle consumption.
"
"2092260","This is a contaminated world!
As a fighting girl, you have the ability to clear these monsters.
What troubles do you get into when cleaning up monsters?
Welcome to experience it!
Game Features
Extremely Striking feeling
Up to four combo attacks
Challenge difficulty can be switched at any time
Great background music
There are five levels to challenge
 
"
"2094920","""ChibiTama"" is a game that combines elements of shooting and tower defense.
Players will encounter many stages, variety of enemies, and big bosses!
Deploy your players and supporters, and band together to survive the stages!
As you do so, your characters will grow!
Little cute characters are waiting for you!
Stay tuned for more features and characters to be added soon!
"
"2085460","The Last Fighter is a 2D platformer with a side view.
You are a lone fighter who was thrown into the jungle. Defeat pirates, smugglers and bandits, get out of the dangerous jungle alive! The character has a variety of weapons: from a pistol to a grenade launcher. Enemies are armed with different weapons
Key features of the game:
- 15 levels
- 3 types of enemies
- 2 locations
- 5 types of weapons
"
"2072040","Azrael is a single player experience.
"
"1576930","It is possible to become a famous musician, take part in medieval battles, earn a fortune from trade, become a thief of women's hearts or an avid duelist. The game allows you to do all this.
"
"1471180","A great man is for his country and his people.
To turn away from the way is not necessarily a real unruly in the chaotic world.
In this area of freedom, you can choose to belong to their own life of chivalry.
"
"1272470","Alien environment
Beautiful and magnificent plains.
Quest Challenge
Powerful alien dinosaurs .
Battle Mode
They can also use quantum charging and empowerment to add shield protection to themselves.
"
"1649800","Zeta Bit Player Pack 1 is a collection of different top-down games, Blue world is a top-down semi rouge-like where you use status effects to defeat your foes. Rouge Shooter is a rouge-like topdown shooter where you face waves of enemies with a chance of a bounty hunter coming to ruin your pursuit.
"
"858600","You are the mercenaries sent to do the jobs no government will take responsbility for, but somebody has to end evil!
 
Attack enemies, traverse perilous terrain, and secure objectives all in the name of world peace... welcome to the war to Rule The World.
"
"2052200","A game for KaguraMea.
defend yourself in 40wave enemy in Roguelike mode
"
"1029650","Please note: This game is entirely in Hebrew, and is intended for Hebrew speakers (or students of Hebrew). 
Join the Discord server here
.
 
"
"1925250","A small rpg game created by RPG Maker. Tell the story of Confucius's life, by the view of a time traveller.
-Role-playing
-Casual
-Tactics
-Turn-based strategy
-2D-platform
-Pixel graphics
-Historical themes
-Open world
-Single player
"
"1980240","„ÄêGame Features„Äë
The story takes place five years later. The ""Locust"" has mastered the secret of mutation through biologists. Nick will lead everyone to fight against it and rebuild his own homeland.
1. Camp construction
2. Teammate recruitment
3. Explore the collection
4. Easter egg puzzle
5. Weapon modification
6. Online Challenge
7....
More features are waiting for you to discover.
"
"1682200","BJORN is a rpg-platformer with a linear and dramatic storyline. You must save your family, which was kidnapped by your brother, our protagonist. As you progress through the story, you will learn the story of the enmity between the two brothers.
The name of our hero is Bjorn, a Viking who skillfully wields his ax. On his way, he will meet a large number of enemies, magic and traps.
 
"
"1876150","The main character wakes up after a long sleep and discovers an empty planet where there are no living beings left. We have to explore locations and find out the reasons for the disappearance of civilization and solve puzzles.
Features of the game:
Gravity switching.
Deep plot.
Interesting puzzles.
Convenient operation.
Gloomy mystical atmosphere.
 
"
"1980860","Feel the excitement with Goofy Man when he starts answering to duty, you will fight a lot of enemies as long as you Free your world from invaders, furthermore you will loot them to make the door open for you to move to other maps, there is a lot of mission, run discover and feel fun, but don't forget to survive yourself.
"
"1981740","Shoot all your friend down with different weapon and ability! 
In 
Palmas
 You Can
 Play With Different Weapon
 Different Character
 Different Map
 Fast and Fun Pvp
 and More Waiting You to Find Out!
 
"
"1977230","Ralph's party RPG is easy and fancy RPG game.
Complete the game by going through all the dungeons, but be careful - there might be some enemies waiting for you.
It has simple desing, good music, and great levels.
Ralph's party RPG is made for anyone, and everyone. It doesn't matter if its your first game or 100th game, you will enjoy it.
"
"1641820","game introduction
If you want to leave the abyss, you must first use the power of available items and creatures in the abyss.
Game Features
Action Design, Melee/Defense, Shooting/Reloading, Item Use, and Capley Collaboration
There are many interactive items in the level, avoid traps, explore and collect survival props
"
"1812290","The imperial battlemage Jagar Tharn betrays the Emperor Uriel Septim by imprisoning him in an alternate dimension, then assuming the Emperor‚Äôs identity and place on the throne. A lone prisoner must travel to Tamriel‚Äôs most famous and dangerous sites to collect the shattered Staff of Chaos, save the Emperor and free the Empire.
"
"1494910","pemsa is an unofficial cart runner for the famous PICO-8 fantasy console.
We've included some classic games developed for this console with permission from the authors, including Celeste, Slipways & Hug Arena.
"
"1904130"," What kind of work is it? 
""Dimensional Fight"" is a multi-team brawl type action game.
People from nowhere, throwing punches for no reason, just to prove they're better?
Customize your character to fight local enemies in melee game mode.
Currently there are only single or local multiplayer melee game modes.
"
"1885990","This is a maze adventure game. Collect rewards in the maze and unlock changeable demons to further explore and lock the maze.
WSAD operation, click the mouse to select the attack mode.
Collect Magic Mushroom rewards in the maze,
Exchange rewards for magic objects
Turn into a demon to further explore the maze.
"
"1906410","Battle 19XX is a 2D side-scrolling, simple, casual, and easy-to-play war game
Many types of arms
Multiple weapons
Different maps
Choose your way to get the final victory.
"
"1884440","This is a game about a Cute Snake who wants to get out of the maze
To free the snake, you need to go through 20 levels of the maze,
they gradually get complicated
Enjoy the beautiful minimalist design and enjoyable gameplay 
GOOD LUCK ! :)
"
"1740850","This game is an AVG game of character adventure cultivation. Character adventure cultivation is a role-playing game in which unit players immerse themselves. Players can play the protagonist, interact with the characters in the game, read the story, influence the plot through different options, and finally achieve various endings.
"
"1900820","Mighty Castles is a Tower Defense game with RPG elements.
Defend your castle from the evil undead. Use strategy and arrange
your buildings around the game world, which will become the main support in your defense.
Upgrade every tower skill and use tactics in battle!
Features:
- Pumping of buildings.
- Nice graphics.
- Enemies adaptive to the game world.
"
"1823400","Hell is empty, the devils are here, and there's no place to run or hide. All you can do is survive as long as you can until death inevitably puts an end to your struggles. Gather gold in each run to buy upgrades and help the next survivor.
"
"1846000","This game is a Single-player ARPG.
You go around exploring collecting things and doing quests only to realize you need to get better with saving every item for every encounter to not die and lose unsaved progress.
WARNING: MUST PLAY WITH CONNECTED POWER FOR FULL FPS EXPERIENCE. IMPORTANT! START WITH POWER PLUGGED IN!
"
"1874780","Because of an accident, the two sisters entered a wrong time and space.  
Please help them find the hidden truth in this false space and time.  
 
This is a difficult puzzle order, you need to find objects, unlock a variety of hidden locks, lead the sisters together to find the truth here.  
 
Game duration: 2-3 hours  
Âà∂‰Ωú‰∫∫„ÄÅÁºñÂâß„ÄÅÁæéÊúØÔºöÁ¨¶Áªæ
Ë∞úÈ¢òËÆæËÆ°ÔºöGKLKK
Èü≥‰πêÔºöMusic by Eric Matyas
ÂÆ£ÂèëÔºöÁ¨¶Áªæ„ÄÅGKLKK
"
"1742690","Requiem is a 3rd-Person storybook adventure. Play as one of five adventurers entering into the Dream; a spirit-world wrought with peril, and close the rifts to save the Waking World from the spirit-wraiths.
"
"1579800","„ÄêStory„Äë
Wendy came home from get off work and noticed that something had changed in the house.
There was an extra note on the message board, ""I've prepared a surprise for you.""
The Spring Festival is approaching, I wish everyone a Happy New Year in advance, and family reunion!
"
"1867330","""Surreal Nightmare"". is a 3D horror game with first-person gameplay. Upon finding a doll in the trash and taking it to her house, the doll is possessed by an evil entity.
player's objective: and explore the rooms of the house and  found a way to eliminate the evil entity so that everything can return to normal.
"
"1700860","Strings of Divinity | The Spell Plague is an open-world 2d RPG with turn based combat, where magic is corrupted and hurts those that use it. You must strategize your attacks, counter the enemy, or just run if you can. Save the world from the 7 tyrant dragons with a friendly little companion, spend your time doing sidequests or grinding for better loot, or just meet new people!
"
"1866220","About
HexoJago is a brand new story RPG action game.
You have to find your home and get back to your bed.
Complete the tasks and get the answers. Get help from grandfather Murat and fight back to your house.
Go to the 23rd dimension and go on an adventure by completing quests.
Equip your mighty hexo sword and slash enemies until you find your way home.
You can use the ARROW keys to move.
"
"1841230","Advance through levels of increasing complexity, as well as fighting various enemies trying to kill you. Mazing Mad is a maze game at its core, with other types of puzzles to figure out along the way. The challenge just might make you mad.
"
"1864460","Player play a girl and wake up to find yourself trapped in a room. The door is locked, and it looks like you need to collect some items, make some tools out of them, and crack some secrets to get out of the room.
¬∑ An escape room game.
¬∑ Search for items.
¬∑ Several items can be made into new items.
¬∑ Solve puzzles and get clues.
¬∑ Think of strategies to eventually get out of the room.
"
"1746620","News :
 Matchmaking
 Text chat
 New special rooms
 Corrupted Soul Powers
 Gameplay Balancing
 Cross-platform mobile
 
"
"1804290","Circo:Dark Story is a pixel action RPG game.Your goal - discover your past in the Kingdom Ruins and defeat the Emperor of Darkness who wants to cover the whole world with darkness!
Solve the riddles!
Defeat the bosses!
Learn more about this world and its inhabitants!
Go through five chapters with different locations:Ancient Ruins,Dark Forests,Carnaval City,Deep Mines,The Storage!
"
"1849930","A game about a helicopter plowing through the open spaces, the land scorched by the sun. With addictive gameplay and auto-generated levels, the goal of the game is to fly as much as possible. And get the maximum number of points, accompanied by gorgeous music, in the spirit of the best shooters. Enjoy the breathtaking game play.
"
"1844190","Deep Cave is a roguelike game about the adventures of a brave dwarf in search of great riches. Go down to the deepest floors of the underworld, get more and more expensive minerals and craft improved equipment from them, defeat dangerous spiders, golems, underground worms and ghosts, become the hero of these dark caves!
"
"1404500","Step into the dungeon and battle every other adventurers to win the treasure! 
Dungeon Royale is an action-rpg battle-royale with rogue-lite elements in a pixel-art settings. 
Find items, equipments and special rooms in the dungeon to triumph over your opponents.. Or slay the adventurers as a monster from the dungeon!
Only one will get to the end so there is only one rule : Stay alive !
 
"
"1810500","‚ÄúTreasure Girl 2‚Äù is our new game with 2 beautiful naked girls in different poses. With awesome 3D animation! Much more frames and interactions!
 In the game you need to resolve a few physics puzzles to get you reward.
What you can find in the game:
‚Ä¢ Beautiful pictures and animations of girls.
‚Ä¢ Incredible sound.
‚Ä¢ Funny puzzles to resolve.
‚Ä¢ Gallery with hot pictures of girls.
"
"1803870","Knight of Turn is a board game where the brave knight, imprisoned by the monsters in the deep dungeon, must find freedom and free the kingdom from this threat.
A Turn Based Game
Over 60 Challenging puzzles that put your skills to the test
Different types of items to defeat enemies like swords, shields, bows...
Different ways of completing each level
 
"
"1739940","A real-time strategy game with different game modes, such as VS PC, PVP LAN and steam lobby, etc, different elements, such as war simulation, adventure RPG, etc, new game mode and map will be continuously updated, The story background is a variety of myths and legends, with simple operation and interesting characters.
"
"1825910","ChickenZ
 is an arena shooter where you have to fight in a post-apocalyptic location against crowds of angry zombies that will try to eat you. After each wave, choose improvements, destroy as many terrible brain-eaters as possible and save yourself from this zombie madness. The game offers a varied selection of weapons, upgrades, and interesting arenas for battling the dead.
"
"842510","Survival and exploration, where the player will have to find a way out of maze. Hero's vitality is limited, and on the way there are heterogeneous obstacles. To survive, you have to craft items from natural resources at hand, as well as plan your movements.
"
"1457500","Freeze time and do things
You can stop time, and do things to the enemies.
"
"1794170","Waifu Trainer is a clicker game whose ultimate goal is to accumulate currency to open all images.
But remember, the purpose of this game is to let you relax and enjoy the process.
To do this, we added a minimalistic interface and relaxing music.
Features:
- Beautiful CG art.
- Nice music.
 
"
"1794380","The goal of Jump1000 is to reach the 1000 floor.
You have to collect coins to upgrade your jumping power.
You can play it comfortably.
"
"1789470","Thrown down the dark labyrinth due to writing one too many monster girl doujins. You must traverse its corridor and fight the monster girls in turn based combat!
Move slowly in the twisting and turning labyrinth to reach the end!
Fight(and conquer) the monster girls that lurk in this maze!
Features:
7 erotic scenes to unlock
17 lvls
Gallery mode
"
"1738420","In Sinsations, a BL / Yaoi Visual Novel, you take on the role of Kosuke Arai, Lucifer's newest Deadly Sin of Lust. But there's a catch. You need to seduce the other six Deadly Sins, to prove to Lucifer you're up to the task.
Game features:
Full voice acting
Numerous choices, numerous endings
Uncensored 18+ artwork
Six love interests
280k word count story
 
"
"1658210","Witty witch is a 2D puzzle platformer with handpainted graphics.
Suitable for a wide audience of all ages and preferences.
100 levels, filled with a variety of monsters will force you to show ingenuity and dexterity.
And a funny story will give motivation to reach the end.
"
"1787730","In this first-person, 2.5D singleplayer pixel-graphic turn based RPG set in the distant future, the player controls various members of the crew of the Federation of Frontier Colonies' Dirac Space Station, as an intergalactic conspiracy entangles its trusted captain. This game is mainly a story-rich Dungeon-crawler style RPG with cinematic cutscenes and sci-fi themes.
"
"1666070","Hungry for shark games? Start fishing!
Go fish for food as a hungry shark swimming in a shoal of fish.
Take control of a predator hungry shark and hunt for a shoal of fish!
Let the fishing begin! Dive into the most relaxing game ever and discover the magic of the deep.
Eat fish to keep your energy high, and beware of the big hungry shark out to get you.
How do you do it? Go fish...
"
"1766250","Join Emi as she goes on a climbing adventure through a crystal cave and an abandoned secret underground facility.
The challenge series will train you to master flying around the cave with a jetpack.
The story series also begins in the same cave, but opens up to a much larger cave system filled with mysteries of the past, as well as current threats from other worlds.
"
"1565800","In traditional Tower Defense games, you're always on the defense, waiting for waves of enemies to come to you. In Tower Attack, you are the one bringing it to them. You go as far as you could in a procedurally-generated map, and kill as many enemies as you could with the help of towers.
"
"1654700","Bigger Trucks is a simulator of big cars that deliver cargo, in off-road conditions.  The gameplay is based on realistic car controller and funny physics. Keep track of the condition of your car, look for the best route to bring the cargo safely, try not to lose it.
Main Features
 Four different cars
 Realistic driving experience
 Mountain off-road 
 Hardcore, physics-based game
 
"
"1730850","‚ÄúTreasure Girl‚Äù is our new game with 2 beautiful naked girls in different poses. With awesome 3D animation! Much more frames and interactions!
 In the game you need to resolve a few physics puzzles to get you reward.
What you can find in the game:
‚Ä¢ Beautiful pictures and animations of girls.
‚Ä¢ Incredible sound.
‚Ä¢ Funny puzzles to resolve.
‚Ä¢ Gallery with hot pictures of girls.
"
"1709000","Take part in a fun battle, destroy enemies with the mouse to score points, pump up and unlock stunningly beautiful drawings of women's bodies that diversify the graphics and help you relax ;) Or will you want to turn them off and focus on the gameplay? As you wish!
Immerse Yourself In Heavenly Hammer
 Funny physics
 Convenient mouse control
 Hand-drawn graphics
 Twenty amazing drawings!
 
"
"1649920","Coronation is developed by Twin Sword Studio with the help of Patreon and an active Discord community. It is inspired by many games such as Mount & Blade Bannerlord, Rust, Sims 3/4, Runescape, Anno 1404 and Tropico 6.
Major Overhaul
Coronation is unplayable until the next patch, estimated to be released in 2023.
 
"
"1700420","fun Platformer you have to survive bees and rock enemies and slime enemies you have to make it to the trophy without dying.  
you have to jumped every platform without dying 
you have to collect apples 
you can change your character skin
you have to  survive every enemies
"
"1152120","One day, when Bowset woke up, he didn't know what had happened, and his men were out of control. They attacked her. Bowset needs to defeat all his men.
Game Elements:
Third person perspective action game.
There are many kinds of monsters.
Cartoon rendering style.
The operation is very smooth.
"
"1740140","SWAT: It is a multiplayer shooter . Combines FPS & TPS. It puts players against some of them. And the winning team gets points and coins. There are 3 game modes. There are many weapons to pick up. This game is different from all games where the battle environment gives a very beautiful impression
"
"1725850","Horny Crush is a puzzle game, the ultimate goal of which is to swap the blocks to collect the image.
But remember, the purpose of this game is to let you relax and enjoy the process.
To do this, we added a minimalistic interface and relaxing music.
Features:
- Beautiful CG art.
- Interesting Puzzle puzzles.
- Nice music.
"
"1731700","Escape The Outbreak it's a survival game / action 2D.
Abandoned on a remote island, Jack Hawkins fights infected creatures to try to survive this
nightmare that seems to have no end, while looking for answers to such events,
and a way to get out of this place alive.
Find resources around the scene, build items, ammo, automatic weapons, barricades and fight for your life.
"
"1730630","An ""indie gem"" - a unique game based on the novel by screenwriter, Jake Stephen Jackson - brought to life in a brand new experience. Sven, Kate and Chariot are characters you will never forget as they join you on your quest throughout the Milky Way Galaxy to bring an end to the Progenitor War.
 
"
"1463180","Project interruption
"
"1712150","Kitty adventurer Jone ventures into an ancient castle looking for artifacts, keep away from the dungeon traps and solving Sokoban-style puzzles.
Gameplay
Achievements
Traps
- Simple and intuitive gameplay.
- Find treasures and unlock skills.
- Gameplay variations.
- 50 stages with different types of puzzle.
- Achievements
"
"1694450","There is no meaning of life without waifus, Mix Hentai Girls is a game to elevate you mood in the best way, with hentai, girls and relaxing music.
Game features:
 Cute kawaii girls
 Lo-Fi music
 Adult mode
 Gallery
 Panic button
 Achievements
 Cloud saving
 NSFW
 Can be played with one hand ( Õ°¬∞ Õú ñ Õ°¬∞)
We are working hard now to provide workshop support and PvP/Battle royale mode.
"
"1279270","A legend has been passed down for generations...
When the world is in peril, seven heroes will come together and save the world.
Play as Rolan, the uniting force that brings together these heroes of legend.
Features:
Classic RPG Experience
Explore a Unique Fantasy World
Turn-based Combat
Open-ended Exploration
Multiple Endings
 
"
"1715250"," Realistic scenario of the development of a colony
 Resources mining
 Building development
 Unique life support system
 Unusual plants
 New logic of farming development
 Beautiful graphics
 
"
"1707280","""Shirokuro's Adventure"" is a top-down action mini-game where you can control two characters at the same time.
Control the cute twin characters ""Shiro"" and ""Kuro"" to aim for the inner part of the island!
- Simple action game
- Controll two characters at the same time with one controller
- Brain training & real-time attack
#ShiroKuroAdv
#ShiroKuroAdvRTA
"
"1628940","Street Striker is an arcade game about street fighting. Complete the training, choose a hero and an arena, smash crates and barrels to find weapons, or use your melee skills to stand up against waves of bandits and complete the level.
Gameplay Features
 Spectacular animations and effects
 Simple and intuitive combat system
 Five visually diverse arenas
 Nice sound design
 
"
"1638430","Follow Sai, Amara, and Oli as they fight to take on the powerful Agency! Axial features a unique turn based battle system that revolves heavily on customization and synergy to ensure your team is equipped for any challenge. With its enthralling story, unique pixel art, Game Boy themed aesthetic, and energetic chiptune soundtrack, Axial is the perfect game for fans of classic JRPGs.
"
"1700900","It's an open-world third-person shooter.It also includes horror, action and so on.
In a ruins full of zombies and various monsters, you will explore and find the source of destruction.
Did you get beat or did the monster beat you? What happens to the monster and you when you fall?
You can fight with a gun or sword, and you can pick up items to boost your stats.
"
"1705480","A mysterious dungeon and strange, frightening sounds. What are the secrets of this place?
You will plunge into the atmosphere of an underground dungeon and try to find your way out, solving several simple tasks and puzzles.
But what awaits you there?
Gameplay time: about 15 minutes.
 
"
"1701850","HENTAI MOSAIC WITH HOT GIRLS!
A relaxing hentai puzzle game. Collect images and the girls will undress for you.
Features
Nude Girls ( adult content)
 Quick levels
Viewing the gallery with one hand
100 Achievements
Thank you so much for supporting this game.
If you liked this game, please recommend it and write a comment, thanks again!
"
"1672170","Plunge into the wonderful world of football together with millions of players from all over the world. Upgrade your character and become the best football player. Play online with friends,first and third person in 1vs1-4vs4 matches where every player is a real player. Find your comrades in our discord server and see you on the field!
"
"1637540","The Village - is a combination of SNES / PS1 J-RPG style games (like Secret of Evermore, Illusion of Time, Chrono Trigger, FFVI...) and riddle game. In addition to the labyrinths and enigma (high difficulty), you will find all the elements specific to the J-RPG (various characters and faculties, farming, crafting...) to allow you to progress and finish your quest.
"
"1038820","A fantasy game about the adventures of a villain. It has both narrative and open world gameplay modes.
You will play the villain and begin your journey in a land that is ruled by an empire.
I want to tell you, in 300,000 words, ""What is the villain?""
And what we should do if we're the villain.
"
"1665600","An interesting zombie survival game.
The player is stranded in an island full of zombies and prehistoric creatures such as dinosaurs. Find food, cut trees build a shelter and survive.
features
 Eat, Plant and Collect Wood and Build a place to live.
 Collect weapons, find ammo and kill anyone who crosses the line.
 Find necessary tools to cut trees.
 Beautiful yet hostile world to explore.
 
"
"1683140","Features a day and night cycle, various survival mechanics, controls somewhat like top down MOBA / ARPG with freely turn-able camera.
Learn unique class based abilities, grow more powerful through skill trees, level up your anima and equipment.
Craft various items, consumables, and defend yourself from bosses and hostile monsters at night.
Playing the tutorial at least once is recommended!
"
"1408150","In order to defeat the devil, the magician Aike embarked on her journey
Continue to learn new skills during the adventure and use various skills to defeat monsters
In this game, players control the magician Ai Ke to pass levels, use their ingenuity to fight against different monsters, and match different skills to win
"
"1675430","Kensei is a branching narrative RPG where you can influence events as a Samurai, a Ronin, or a Monk. Set in 1612 Japan, the game features a historical fiction based storyline which ends with the most famous duel of all time. Explore the world, have conversations with the colorful cast of characters, find items to help you in your journey, and see where you end up.
"
"1672440","The English version is no longer supported.
It's the fault of a few ill-mannered people.
 Please do not play as it is annoying.
Videos, articles, and news coverage are also prohibited.
"
"1607640","Choose a car and go to the track!
There are 5 maps to choose from, as well as 3 cars (in the future, it is planned to add more cars, as well as maps). Feel the power under the wheels, have fun, compete with friends and other players around the world! Be the first on the world leaderboard!
"
"1546420","This is a top-down shooting + roguelike elements in a game, players can operate the hero to fight freely, using a wealth of weapon and skills to eliminate the enemy wave after wave of attack.
Game features:
-Form unique tactics by matching different skills!
-Get different weapons in battle!
-Weapons come with skills, making it easier for players to match the skills they need!
 
"
"1651290","Imitation of ""sugar bean man: the ultimate elimination"" of the production of small games.
The perspective of the game is the third person
In the game, you will play a lovely and cheap ball to experience the stimulation of participating in variety show!
Here comes a group of whimsical challenges and interesting obstacle races.
How soon can you get to the finish line?
"
"1560770","Thousands of years from the last time your ancestor defeated the Demon Lord's army, they were reborn and kidnapped all waifus in the world again. Continue your hero mission, you set out to conquer the Demon Lord's castle.
Funny and smart Sokoban puzzle
Live2D beautiful waifus
Animated enemies and chibi girl
Exciting boss fight
Exciting techno music
Beautiful backgrounds
 
"
"1237170","Qual is a fast paced top-down bullet hell that emphasizes on spell combinations.
Main Features:
 Combine the words to cast devastating spells
 Solve puzzles and find hidden treasures
 Dodge roll to avoid dangerous traps and enemy projectiles
 Fight your way through 10 different campaign levels
 Created mostly by one person
 
"
"1418290","Jump in the story of an average new guy in town entering a night club in this visual short story.
You don't know anybody, nobody knows you, first impressions mean everything. Dance, drink, go crazy, hook up... You never know where one small favor might get you.
"
"1624050","A classic RPG game with all the facets that this genre has to offer:
Overworld: Starting with the starter island to the huge Ethary.
Outside world: Many interesting places and dungeons await you
Complete quests and fight your way through puzzles and hordes of monsters. Join Maruse in search of her father.
See How You Find Your Own Destiny ...
"
"1639130","Travel to another world and continue to be a ""Arbeit Man""
-A simple maze game
-Protect the heroine or the game will end immediately if she dies
-Can fight the enemy
-Can solve puzzles to open doors or close traps
"
"1577350","The Black Hole is a TPS with puzzle solving elements. You'll play as a secret agent in the Black Hole Agency.
Defeat enemies with your gun and solve puzzles.
Collect mysterious items in the levels and survive a conspiracy.
Encounter various traps, enemies, and puzzles.
Let‚Äôs enter the world of secret agents!
 
"
"1606730","Coin Dash is a time based coin collecting game that makes addictive. 
Be sure to avoid the dangerous cactus or your game is over!
Note: You need use your arrow keys on your keyboard to move!
"
"1302290","When your sister stumbled upon a dark secret you start on a quest of rescue that could just rewrite history.
A short and simple RPG with 4-8 hours of game play and a secret hidden ending.
Agility Turn Based Battles
Advanced Enemy AI
Pick Your Team
Advanced Progression System
Open World
JILL!
 
"
"1625260","""‰∏≠ÂõΩË±°Ê£ã-ÊÆãÂ±Ä"" is a single leisure chess game.
This game mainly focuses on the classic remnant game of Chinese chess, currently provides 60 levels, followed by nearly 460 levels.
In the final game, the principle is ""red first, red must win"". If you go the right way. The red side will surely win. If you miss a step, you will lose everything.
"
"1187920","Fun and interaction between players combined with a beautiful world. That's what Countrified brings, still performing high on almost every machine.
Here you can hunt, build or destroy bases, collect resources, build weapons, control regions, make friends, all online or offline.
"
"1573620","You've always dreamed about owning an apple orchard and now you've finally purchased one! The only issue is it's a little run down and needs some work!
Pull weeds, plant seeds and chase the crows away from your apples! Earn money to upgrade your house and expand your land in this charming pixel art farming game!
The graphics are inspired by the original Gameboy and the controls are super simple!
"
"1608730","Dawn of Corruption is a Dark Fantasy NSFW RPG.
Warning, this game is nsfw 18+ only.
It features male gay characters and fetishes such as:
Muscle Growth, Macro, Hyper, Goo, Transformation, Corruption
What will you grow into? Will corruption seep into your being?
"
"1617360","In Desperation, you are an elite soldier, tasked to survive in an unknown location. You will be facing many challenges, such as building shelter, finding food and water, fighting off zombies, killer robots and even other soldiers. Will you take your chances surviving solo, or will you try and group up with others? Either way, surviving won't be easy.
"
"1580890","Our human body is a universe, in which many people live. Now the heart planet had a problem, the blood system stopped. It's only you who stay out of trouble, searching the vascular maze and collect enough protein to heal the planet, hurry to save the heart planet and the universe, be careful of the attack of the immune system on the way.
"
"1509790","The story starts in the most popular bar in the kingdom.
Rosie, who has a crush on the barkeep, tries very hard to win his heart this year. 
It follows 
Airi's Adventure
 but can be enjoyed as an independent story.
> Join the Rabbiton Discord! 
"
"1611640","Toverblade is a magical deck-building strategy game. Train your heroes, explore a dangerous world, and overcome wolves, giants, and ice golems on your way to a mysterious fortress.
Features
recruit knights, archers, and wizards üßô
collect various cards and alter your play style üÉè  
over 90 different items to collect üó°Ô∏è
over 30 enemies to encounter üëπ
10 unique areas to explore ‚õ∞Ô∏è
 
"
"1591950","There is only Chinese summary about this game. For more information, please change the language to simplified Chinese. 
There are no words in the game, so the language of the game is all languages. Players all over the world can play the game freely without language restrictions.
"
"1606500","This is an experience game
In the game, you will play a little kirky.
Experience the course of kirky's growth.
You talk about playing kirky, learning to jump, eat, fall on the ground and so on.
This is a simple and relaxing game, your goal is to experience the life of little kirky.
"
"1590500","In the background of cyberpunk
The story of a killer
this is a text AVG with Open world elements
Time change as time goes by in reality and in the game
Different NPCs have their own living habits
Players can control the character to explore the city
Trigger the mutual influence of various events, affect the final outcome of ""Li""
"
"1559740","Game operations: The mouse can take walk and talk, and the keyboard W A S D or ‚Üë ‚Üì ‚Üê ‚Üí control direction, space and enter control OK key,too. Press ""OK"" for a second will be fast forward the plot.
SORRYÔºå Only win7 can play this game.Thanks for AngelineFletcher‚Äôs correction.
 
"
"1584800","You woke up in a dark forest. You don't remember anything. Where will this road take you? You have to overcome dangerous obstaclesCan you get out of this strange place?
 Grim ambience
 Beware of traps
 Avoid obstacles
 Pass the level get achievements
 
"
"1589500","Fate of Dynasty is a short lore exploration puzzle game inspired by walking simulators such as Gone Home, Dear Esther, and Layers of Fear.
Figure out how to perform the ritual to put an end to the tyranny of the ruling dynasty. 
Fate of Dynasty was developed during the Global Game Jam 2021 and is an open-source project.
"
"1591400","Parkour adventure games.
Immerse in the thrilling race.
The background of the story takes place in a peach garden.
The main goal is to avoid obstacles as much as possible and run further.
Game operation mode:
After the game starts, the character runs forward automatically.
‚Üë Skipping
‚ÜìDown
"
"1588140","Choose for whom you will fight a dinosaur and a monkey, fight.
You can choose one of two characters, a monkey, or a dinosaur.
If you choose a dinosaur, you will need to defeat the monkey.
And if you choose a monkey, you will have to defeat the dinosaur.
Control the character with the keyboard and mouse, use different combinations of blows.
"
"1542860","Dungeon Slime 2, it's a spectacular puzzle game with innovative mechanics. You are Billy the slime and you have to change your shape by hitting the walls to get through the challenges. There are several levels to play with increasing difficulty and additional obstacles.
Be Caution of the Plant!
 
Posicione os Blocos!
 
Be Caution the thorn!
 
 
"
"1514030","HENTAISLAND: Lost Pantsu-a dynamic shooting game in the open world, spend your time on an amazing sunny island, in the company of cute girls. At your disposal are various weapons, your goal is to collect all the lost pantsu. You can do it!
Main Features
 Sunny tropical island
 Various weapons and dangerous enemies
 Easy and convenient operation
 Cute anime girls!
 
"
"1576750","Run to the finish line across planets and space objects.
Your task is to find the flag and run to it as quickly as possible. 
Using the keyboard and mouse, control the character, jumping from planet to planet or to other objects.
Reach the fish with the best time score.
"
"1537430","Mask Up is an action plateformer roguelike. Play as a mask and try to escape a mysterious underground facility.
Mask Up features:
 
 Randomly generated world
 
 Various enemies, biomes and mecanics to discover
 
 More than 70 secret masks to discover
 
 Two-button input system option
 
 Original music by PeKaNo and melim√©a
How far will you go and what secrets will you find?
"
"1492200","Soviet Hentai is a third-person shooter set in the USSR. Explore the Soviet city, test your aim, use a diverse Arsenal of weapons to win shootouts with dangerous enemies. Enjoy the bright world of communism and the cute main character!
Key Feature
 Authentic Soviet reality
 Open city for research
 Various weapon
 Beautiful main character
 
"
"1547050","Let's start a war of invasion.
The story is set on an island in the Pacific Ocean. Players need to use guns to kill monsters,
Main goal - kill as many monsters as possible.
Game features:
First person real experience
Fast paced battle
You can do:
--Left mouse button aiming shooting
--Right click to load
--Control your ammunition
--Ammunition shortage
--Protect yourself and destroy them
"
"1546210","Hit the robot against objects to destroy them
Move the mouse over the robot, hold down the left button, grabbing the robot by the arm or leg and hitting objects on the map with it to destroy them and get points.
This game is great fun to relieve stress and have fun.
"
"1538370","in this open world of hand-painted animation style free exploration to explore every place in this continent including the Elven kingdom and tribes to understand a store to find the truth behind the story
"
"1533750","""Little elf tower defense"" is a tower defense game, take place in the world of magic, is a group of elves adventure deeds.
"
"1541390","This is a RPG game.
You and your girlfriend are very much in love.
When you and your girlfriend plan to get married, visit her parents.
But her parents demanded a large ""betrothal gift"".
For that, you have to make money.
You can get money by killing enemies
You can get money by working in a factory
Money can be gained by exploring the remains of the battlefield
"
"1528920","Andromeda Zombies Colonies is an First Person Shooter video game featuring zombies. You awaken near a station on a red planet but an experiment turn wrong and now, hostile aliens have invaded the colonies, and they target you. You must survive using the weapons at your disposal.
- 1 map, 9 weapons, 100 zombies
"
"604230","Unlasting Horror is a action-horror game with RPG elements that lets you play solo or with up to five friends using unique features from solving puzzles, buying equipment to stun the monsters and being able to play as the monsters, players will experience choices that impact the outcome of the game.
 
"
"1505790","Every choice matters as you try to fight your way to the top of the Edifice of Fiends
- Over 20 floors to conquer!
- Slay your enemies with more than 15 different skills!
- Exciting combat with over 40 unique enemies!
- Customize your loadout with more than 100 different equipable items!
- Randomly generated floors!
- Challenging gameplay!
- Endless playstyles and possibilities!
 
"
"1483090","Hentai Neon is a casual puzzle game, you need to move parts of the image to restore the drawing. Beautiful visual style and cute music will relax you and lift your mood.
Key Feature
 Soft background colors and simple interface 
 Beautiful art 
 Great soundtrack 
 You can play with one hand
 
"
"1522530","Play snooker and admire the girls.
You need to hit the ball with the left mouse button pressed, while you will be distracted by cute girls in the background.
"
"1507740","description of the game:
You have just arrived in this new town, try not to starve while escape from the vampire hunters.
features:
- Buy your own house.
- Find hidden chests.
- Buy and furnish your home.
- Fight the vampire hunters.
- Dance and have fun at the bar.
"
"1459020","You and your friends Genki, Sakura and Hinata all want to have one last fun memory to remember each other by just in case you don't see each other again after high school. You have grown distant from them in recent months but are doing your best to reconnect. Follow the story, your story, of rebuilding friendships and strengthening your bonds with the people closest to you.
"
"1497140","Hot Honey is a hentai puzzle game with an outstanding visual style and background music, featuring a lot of cute naked girls in different poses.
You Will Find In the Game
 A lot of beautiful drawings
 Long relaxing ambient music
 Soft animated background colors
 Your true love
 
"
"1456750","We will end our service on January 31st.
Thank you for playing the game all this time.
Thank you.
"
"1507260","Cannon lab 13 is a laboratory where experiments are carried out to study the behavior of an ultra-bouncing ball after a shot from a special cannon. The game is a puzzle of different levels, where the player has to use logical thinking to get into the hole without spending all attempts to shoot.
"
"839740","Li Tan is a novel that combines chamber of Secrets exploration and visual novel. In this work, you will find clues in dozens of wonderful strange stories together with the mysterious beautiful girl Xiaotan to solve the mystery of your space and yourself.
"
"1482920","Dance Waifu - a game about a cool party. On the dance floor gathered the most beautiful waifu and you have to find all the music records to make the music louder and waifu danced to distraction. The hotter the music, the less extra clothes will remain on the girls.
Key Features
 Night club atmosphere 
 Upbeat music
 Beautiful waifu!
 
"
"1476450","Cyber Hentai is an action-adventure game set in the city of the future. Androids have gone crazy and you need to deal with it. Use your Arsenal of weapons to clear the city. Enjoy the driving music and the atmosphere of cyberpunk.
Key Features
 Dynamic gameplay
 Futuristic city
 Cool music
 Machine gun, pistol, sniper rifle and dangerous enemies!
 
"
"1502730","Football game, score goals, for each goal scored, a part of the picture with a beautiful girl will open.
You need to have time to open the picture in 2 rounds of 45 seconds.
Start the game
Take away the ball
Run to the enemy gate
Hit.
If a goal is scored, a part of the picture will open.
"
"1473650","A daring wanderer wields his weapons in real-time battles through his quest into the unknown.
Game Features:
 Explore a abandoned mega structure where mutant creatures have taken over.
 Survive by collecting energy from your enemies and plundering chests.
 Solve a series of puzzles as you progress on your journey.
 Minimalist retro look in stylized pixel art graphics.
 
"
"1504660","The war of the wizards begins!
This is an exciting action game with a 16-bit taste!
‚Üê‚Üë‚Üí‚Üì: move
X: Attack                       (Keyboard ""A"")
Y:Plasma shot (Need 1/3 Ppoint )(Keyboard ""D"")
A:Transform Bat                 (key board""W"")
B:Force shield (Need 1 Point )  (Keyboard ""W"")
"
"1426560","This is a first-person perspective VR horror decryption game. The player plays the role of a detective to investigate the supernatural events that took place in the theater, gradually completing the plot by talking to NPCs and collecting props, and in the step-by-step investigation of the truth, it was discovered that the terrible thing was not the resentful spirit, but something else...
"
"1474580","Happy New Hentai is a puzzle game with a new year mood, you need to move parts of the image to restore the drawing. Beautiful visual style and festive music will relax you and lift your mood. 
Key Features
 Soft background colors and simple interface 
 Beautiful art 
 Great soundtrack 
 The atmosphere of the occasion
 You can play with one hand
 
"
"1466750","Hentai Queens tries to transport the player to the corridors of the royal palace of Wishdot and a real romance with his queen.
 Gameplay is a Match 3 classic.
FEATURES
- Different Fantasy Girls to Undress
- Fantasy Theme
- Can Undress
Relax and Enjoy. 
Try to get high Scores and be happy!
All characters are over the age of 18.
 
"
"1402130","TEN 
arenas each featuring one or more end bosses
DOZENS
  of different types of enemies to prefect your skills against
HIGHSCORE
 compete against other players to get the steam leaderboards.
 
"
"1428150","This is an adventure game in the wild.
    You can feel various weather changes and the alternation of day and night in this super large wild scene.
    You will encounter herbivores such as goats, rabbits, deers and so on. You can also fight with lions, tigers and other beasts with bare hands or with the weapons such as wooden sticks, bows and arrows.
"
"1455230","Dungeon Slime it's a challenging game. Every time you hit the walls you change the shape of Billy the Slime. Dodge sharp spines, go through narrow gaps, solve complicated logic and skill based puzzles to find a way out of this dungeon.
 
"
"1465200","Someone broke into our gallery and destroyed all the paintings and now you need to restore them. Broken Ecchi Gallery - a puzzle game in which you need to restore paintings of beautiful girls from the fragments.
 8 pretty paintings
 Atmospheric interface and soundtrack
 Various difficulty levels
 
"
"1454690","Stupid Stories - A 2D adventure.
Travel through time and relive your grandfather's exciting adventures, or at least how he remembers them.
Time Travel
Use the portal to travel through time and space
Explore the world
More than 10 unique places to explore and discover
Help System
Should you ever get stuck, a well-known paper clip will help you.
 
"
"1463510","This game is a pixel-style Chinese KongFu game oriented from A PDA-based Game.
"
"1465390","Hentai ASMR - is a casual puzzle game, you need to move parts of the image to restore the picture. Deep ASMR ear massage will relax you and lift your mood.
Key Feature: 
 Soft background colors and simple interface 
 Beautiful art
 Deep ASMR (to goosebumps)
 You can play with one hand
 
"
"1432560","It's a classic game to eliminate fruit play.
By eliminating the fruit unlocking level, the girls in the game level have different CG and various clothing items. The secret hidden in the sister waits for your discovery.
Cute and sexy girl.
Interesting classic game, Eliminate fruit play.
New 10 levels for you to play.
New album and interaction look forward to your experience
"
"1391940","DogFight is a VR experience interactive entertainment application where the aim is to keep shooting down enemy planes before they destroy the allied boat. Your job is to protect the boat from enemy kamikaze fighter planes. You can play as the fighter pilot with first-person view of the pilot.
"
"1289890","In the long march of VR, you can experience the harsh environment encountered by the Red Army and learn the spirit of hard work.Recovery by VR technique key events in the history of the communist party of China, let learners through VR headsets, immersive feeling and to participate in the event, to promote learners' learning interest, strengthen learning and learning effect.
"
"1264240","Infinite Way is a deck-building roguelike where you travel, fight and survive in post apocalyptic world.
"
"1340500","[/h2]Introduction[/h2]
In the game, click on the screen to control the ball through the eaves
After obtaining the currency, you can unlock the pictorial in the memoir
[/h2]features[/h2]
‚ñ† fast customs clearance
‚ñ† one handed mode
‚ñ† eight characters
Press the p key to experience the game quickly
"
"1424610","This is a qing Dynasty to stay in the United States as the hero of the child to feel the history of that period of text novel game. Through this game you will see the qing dynasty at the end of the 19th century and the connection to the world. The gameplay is just a matter of clicks.
we hope you enjoy it
"
"1441090","We knock down iron cans with balls so that they fall to the ground.
We hold down the left mouse button.
Pull back the ball and direct it in the right direction.
That he would fly over obstacles and knock the can to the ground.
"
"1241370","In a strange age, the gear of time seems to continue
Prepare to start a short and disillusioned story, and let the gears of time whirl in despair.
This is a word game, can you decide the fate of the protagonist?
-There are three outcomes
-Simple operation
-Your choice will have a little influence on the protagonist
 
"
"1417170","Dont miss the king is a strategy-platformer game that lets you strategize while you are in battle. You will be able to fight using different types of soldiers on many different maps in this game where you have to defeat a dark wizard-king who is trying to take all of humanity under his will.  You have to save the humanity!!
"
"1422810","Traditional RPG elements are combined with landmines, and there are various hand-drawn animated beauties.
Adventure, puzzle solving, beauty three wishes are met at once
Game features:
* Operate epic slimes to break through various mine-stomping levels
* 10 difficulty levels can be played
* After breaking through 5 difficulty levels, special adventure levels can be unlocked
"
"1424640","""Ashes of war"" is an anti war theme adventure decryption game, the story takes place in the western region during the Anti Japanese war. In the game, the player will control the strong and brave brothers and sisters. After a series of checkpoints, they will fight against the evil Japanese and escape from the heaven with the help of a kind Japanese soldier
"
"1414640","In a world where heroes fail one after another, you are probably the last hope ...
In this classic turn-based RPG you choose the path to take, but in any case there will be an unlikely enemy waiting for you ...
Maybe?
WARNING: For the faint of heart, there will be plenty of chickens. Insured!
"
"1419440","Truck Truck is a physics based game in which the player needs to load the truck and transport the cargo. Control the objects using your mouse. Get stars for completing the levels successfully. 
MAIN GAME FEATURES:
1. Use different physical objects to help the truck load
2. Manage destroyable objects
3. Turn on the car engine by clicking
4. Destroy traps
5. Control the physical objects
"
"1414710","The war of the wizards begins!
This is an exciting action game with a 16-bit taste!
‚Üê‚Üë‚Üí‚Üì: move
X: Attack                      (Keyboard ""A"")
Y:Plasma shot (Need 1/3 Ppoint )  (Keyboard ""D"")
B:Force shield (Need 1 Point )  (Keyboard ""W"")
"
"1406080","The war of the wizards begins!
This is an exciting action game with a 16-bit taste!
It`s a shooting action game!
Very simple game!
All Country's people can play this game!
‚Üê‚Üë‚Üí‚Üì: move
X: Attack (key board""A"")
A:Transform Bat (key board""W"")
‚óèDiscount Pack for Indonesia‚óè
We reccomend this one !„ÄÄ‚Üì
Discount Pack for Indonesia
 
"
"1389740","A female ninja fights to punish evil.
This is a simple and exhilarating action game that anyone can enjoy!
‚Üê‚Üë‚Üí‚Üì: move
X: AttackÔºàkeyboard ""A"")
Ôº¢:ATTACK 2Ôºàkeyboard ""W"")„ÄÄ„ÄÄ„ÄÄ„ÄÄ
Ôº°:Crouching Ôºàkeyboard ""S"")„ÄÄ
"
"1327100","Squaxel is a sandbox game in which you will be able to visit multiple flying islands.
You can build on them, destroy them and talk to the people on them.
You also have your own island to experiment!
Features:
- Building your own island
- Do quests
- Explore islands
- Destroy whatever you want
"
"685110","Metachromium is a spatial app browser that runs side-by-side with OpenVR.
It lets you open any WebXR page as a spatial overlay app that runs on top of any other VR game.
Metachromium is based on the open source Chromium browser and is based on web standards like WebXR.
"
"838190","Hidden Protector : ROADTRIP
The game is a visual novel with cinematographic elements.
It tells the story of a man and an artificial intelligence on a roadtrip to paradise.
The game also shows the place of artificial intelligence in the future of our society.
"
"1387400","It makes him go back in time to places and times that he never knew.
4 Mini-quests given by NPCs
The temple is a place to rest.
 
"
"1330010","The four heroes of legend have been sent to defeat the evil vampire lord, Vexx. He has brainwashed everyone and unleashed monsters upon the land. You must find the Time Crystal and restore RetroBound!
A dark and unique RPG that brings back nostalgia while incorporating modern slang! 
Can you discover all the Easter Eggs in RetroBound?
 
"
"1397160","About this game
This is an action-adventure ARPG game where slime decides to becoming a demon king.
Game Features
 Funny NPC dialogue design
 Various special skills
 Simple and interesting level puzzle solving
 Rich and suspenseful story design
 Exciting Boss Battle
 Collect powerful items and equipments
 
"
"1369950","This is a doomsday survival escape game.
The terror of the night zombie crisis broke out, walking corpses all over the city, we have to find a way to escape
Players need to search for necessary survival materials and weapons in cities full of zombies. But food and water will always run out, in the end, in order to escape the city which is already a corpse tide.
Escape the night of terror alive
"
"1371340","Enter the Wicked Sorceress's lair in this fantasy first person shooter game!
Fight your way using magic through waves of enemies and confront the Sorceress in an epic duel. Defeated by her new master, she lets you have your way with her.
Warning: Cutscenes between levels contain uncensored nudity and strong adult only sexual content.
"
"1383780","In this episode you'll be going to a coffee shop, and meeting Prescilla for the first time!
The game is playable in 720p, 1080p, and 4K Ultra HD.
 Let's see where your choices will take you!
"
"1340760","A plot driven 2D RPG about a young girl uncovering a deceptive government plot while attempting to fulfill her master's dying wishes. Experience traditional turn based combat as this mysterious single-player adventure unfolds.
"
"1112350","A Solo Developed Simulation Game
I was a big fan of classic simulation games like Rich and Harvest Moon when I was a kid, and got a addicted to Terraria and Rim World as I was growing up. Inspired by These great titles I aspiredt o developed this lightweight city sim, which inludes constrution, combat and economics systems.
"
"1331540","This game is in Japanese only.
 
"
"1368560","You play as a lightfooted rogue who awoke from an amnestic slumber. Figure out who you are, why you're here, what your purpose is... the answers will surprise you.
"
"1370560","This is an open world role-playing game with cartoon color. Operating stores, obtaining materials, building equipment, defeating monsters, training characteristic staff, open skill combination system, characteristic team building and strange painting system, can hardly stop!
"
"1351200","An epic slasher that takes you back to ancient Greece. Try yourself as a Spartan, defend your king and become a legend!
Features:
 Campaign based on the Greco-Persian war
 More than 20 types of weapons and armor
 Character upgrade system
 
"
"1369570","Type your question for the Spirit World to answer, then click the start button. Whatever the letters, numbers, and shapes remind you of, is the answer.
"
"1350500","The soul, leaving its body, passes through the last memories in order to find peace.
Last Memory
 is a fascinating 3D platformer, as you progress through it, you will plunge into the atmospheric world with bewitching music and colorful graphics. The player has to overcome many obstacles and solve various puzzles to get to the exit.
"
"1363020","""100-Level Dungeon"", Turn-based adventure game in which players must defeat monsters in each level of the dungeon.
Which has 100 floors By using flair and planning Which it's not easy to beat this game.
Hope you all enjoy it and more importantly, don't be impatient.
"
"1346270","Hentai Jazz is a simple puzzle game whose goal is to arrange the tiles in the right order. Upon reaching the goal, you will see an image with a girl.
The game contains 9 levels of varying difficulty.
Features
Unique atmosphere
Musical accompaniment
Graphic execution
Achievement
All characters are over the age of 18.
"
"1345300","Item Collector - Pirates - Play through a huge amount of different levels with increasing difficulty and alternative exciting game modes. Bring you brain to the limit and find all the matching pairs!
Product feature:
- 100 levels
- 100 achievements
- Easy gameplay
- Includes sfx and music
- Great graphics
"
"886160","Create a politician and start your legacy. Run in national and local elections. Create and vote on legislation. Respublica is an online roleplay game, where users can run for office and control the outcome of the world within the game.
"
"1254160","Waifu Quest: Sleeping Beauty
Will you save the kingdom or fall victim to the devil girls tasked with its destruction?
Features
Story-rich Gameplay
An Erotic Fantasy
Various Spells
Sexy Devil Girls
Limit Breaker Moves
The game has 3 devil girl bosses that Dale has to go through to save the kingdom. You can also interact with three animals: chicken, cat and dog.
"
"1302750","""Ming Dynasty 1789"" is a plot-oriented strategy game. In the game, under the special background era, players will face dilemmas all the time, and make difficult choices in morality, conscience, and cruel reality, both to protect themselves and to achieve their ideal ambitions.
"
"684000","You are reading something that makes you want to play this.
"
